,equil_modulus,elastic_modulus_1,elastic_modulus_2,elastic_modulus_3,relax_time_1,relax_time_2,relax_time_3,r_square,instant_modulus,viscous_coefficient_1,viscous_coefficient_2,viscous_coeffient_3
mean,0.05666074504758561,0.016878558742041062,0.013966816973649241,0.01349546113968177,1.686632761278305,15.459320296964528,130.11787316058786,0.9996399227048044,0.10100158190295769,0.02910194396428323,0.21606340090258172,1.7596586298732482
std,0.008014714060374632,0.0048365942145099676,0.0018518379704559151,0.0028462219061585396,0.4448612461810238,2.2788710344143315,12.631183155253655,0.00012171855793280808,0.0019033096975469637,0.013613462679605117,0.04552991820807629,0.4305766620875742
max,0.06868836933402882,0.03126095296815414,0.017221313128772887,0.021153526596791834,2.729072104973931,21.73182305773294,154.9467162559462,0.9998528542680755,0.10530776514351192,0.07308497187069853,0.37343075422996785,2.9678970933792987
min,0.03866163099721946,0.010115422050613122,0.01048505144269857,0.00907924986179876,0.920994912861201,11.509073764969578,102.61183429207736,0.9993449149578498,0.0995604559964663,0.012623717109260676,0.14610466720574908,0.9947472498806921
